id,station_name,address,lat,lon
2,Buckingham Fountain,Buckingham Fountain,41.87647,-87.62034
3,Shedd Aquarium,Shedd Aquarium,41.867226,-87.61535500000001
4,Burnham Harbor,Burnham Harbor,41.856268,-87.613348
5,State St & Harrison St,State St & Harrison St,41.874053,-87.627716
6,Dusable Harbor,Dusable Harbor,41.886976000000004,-87.612813
7,Field Blvd & South Water St,Field Blvd & South Water St,41.886348999999996,-87.617517
9,Leavitt St & Archer Ave,Leavitt St & Archer Ave,41.828792,-87.680604
11,Jeffery Blvd & 71st St,Jeffery Blvd & 71st St,41.766638,-87.57645
12,South Shore Dr & 71st St,South Shore Dr & 71st St,41.766409,-87.565688
13,Wilton Ave & Diversey Pkwy,Wilton Ave & Diversey Pkwy,41.932418,-87.65270500000001
14,Morgan St & 18th St,Morgan St & 18th St,41.858086,-87.651073
15,Racine Ave & 18th St,Racine Ave & 18th St,41.858166,-87.65649499999999
16,Paulina Ave & North Ave,Paulina Ave & North Ave,41.910337,-87.67007199999999
17,Honore St & Division St,Honore St & Division St,41.903119000000004,-87.673935
18,Wacker Dr & Washington St,Wacker Dr & Washington St,41.883132,-87.637321
19,Loomis St & Taylor St (*),Loomis St & Taylor St (*),41.868968,-87.659141
20,Sheffield Ave & Kingsbury St,Sheffield Ave & Kingsbury St,41.910522,-87.65310600000001
21,Aberdeen St & Jackson Blvd,Aberdeen St & Jackson Blvd,41.877726,-87.654787
22,May St & Taylor St,May St & Taylor St,41.869482,-87.655486
23,Orleans St & Elm St (*),Orleans St & Elm St (*),41.902924,-87.637715
24,Fairbanks Ct & Grand Ave,Fairbanks Ct & Grand Ave,41.89186,-87.62062
25,Michigan Ave & Pearson St,Michigan Ave & Pearson St,41.897659999999995,-87.62351
26,McClurg Ct & Illinois St,McClurg Ct & Illinois St,41.890359000000004,-87.617532
27,Larrabee St & North Ave,Larrabee St & North Ave,41.91021,-87.6435
28,Larrabee St & Menomonee St,Larrabee St & Menomonee St,41.91468,-87.64331999999999
29,Noble St & Milwaukee Ave,Noble St & Milwaukee Ave,41.90068,-87.6626
30,Ashland Ave & Augusta Blvd,Ashland Ave & Augusta Blvd,41.899643,-87.6677
31,Franklin St & Chicago Ave,Franklin St & Chicago Ave,41.896776,-87.635633
32,Racine Ave & Congress Pkwy,Racine Ave & Congress Pkwy,41.87464,-87.65703
33,State St & Van Buren St,State St & Van Buren St,41.877181,-87.627844
34,Cannon Dr & Fullerton Ave,Cannon Dr & Fullerton Ave,41.926756,-87.634429
35,Streeter Dr & Grand Ave,Streeter Dr & Grand Ave,41.892278000000005,-87.612043
36,Franklin St & Jackson Blvd,Franklin St & Jackson Blvd,41.877708,-87.63532099999999
37,Dearborn St & Adams St,Dearborn St & Adams St,41.879356,-87.629791
38,Clark St & Lake St,Clark St & Lake St,41.886021,-87.630876
39,Wabash Ave & Adams St,Wabash Ave & Adams St,41.879472,-87.62568900000001
40,LaSalle St & Adams St,LaSalle St & Adams St,41.879344,-87.631985
41,Federal St & Polk St,Federal St & Polk St,41.872078,-87.629544
42,Wabash Ave & Cermak Rd,Wabash Ave & Cermak Rd,41.852619,-87.626488
43,Michigan Ave & Washington St,Michigan Ave & Washington St,41.883893,-87.624649
44,State St & Randolph St,State St & Randolph St,41.88473,-87.627734
45,Michigan Ave & Congress Pkwy,Michigan Ave & Congress Pkwy,41.876243,-87.624426
46,Wells St & Walton St,Wells St & Walton St,41.89993,-87.63443000000001
47,State St & Kinzie St,State St & Kinzie St,41.889187,-87.62775400000001
48,Larrabee St & Kingsbury St,Larrabee St & Kingsbury St,41.897764,-87.642884
49,Dearborn St & Monroe St,Dearborn St & Monroe St,41.88132,-87.629521
50,Clark St & Congress Pkwy,Clark St & Congress Pkwy,41.875933,-87.630585
51,Clark St & Randolph St,Clark St & Randolph St,41.884576,-87.63189
52,Michigan Ave & Lake St,Michigan Ave & Lake St,41.886024,-87.624117
53,Wells St & Huron St,Wells St & Huron St,41.894721999999994,-87.634362
54,Ogden Ave & Chicago Ave,Ogden Ave & Chicago Ave,41.896361999999996,-87.654061
55,Halsted St & Roosevelt Rd,Halsted St & Roosevelt Rd,41.867323999999996,-87.648625
56,Desplaines St & Kinzie St,Desplaines St & Kinzie St,41.888715999999995,-87.644448
57,Clinton St & Roosevelt Rd,Clinton St & Roosevelt Rd,41.867118,-87.641088
58,Marshfield Ave & Cortland St,Marshfield Ave & Cortland St,41.916017,-87.668879
59,Wabash Ave & Roosevelt Rd,Wabash Ave & Roosevelt Rd,41.867227,-87.625961
60,Dayton St & North Ave,Dayton St & North Ave,41.910578,-87.649422
61,Wood St & Milwaukee Ave,Wood St & Milwaukee Ave,41.907655,-87.672552
62,McCormick Place,McCormick Place,41.851375,-87.618835
66,Clinton St & Lake St,Clinton St & Lake St,41.885637,-87.641823
67,Sheffield Ave & Fullerton Ave,Sheffield Ave & Fullerton Ave,41.925602000000005,-87.653708
68,Clinton St & Tilden St,Clinton St & Tilden St,41.875885,-87.640795
69,Damen Ave & Pierce Ave,Damen Ave & Pierce Ave,41.909396,-87.67769200000001
71,Morgan St & Lake St,Morgan St & Lake St,41.885483,-87.652305
72,Wabash Ave & 16th St,Wabash Ave & 16th St,41.860384,-87.625813
73,Jefferson St & Monroe St,Jefferson St & Monroe St,41.880421999999996,-87.642746
74,Kingsbury St & Erie St,Kingsbury St & Erie St,41.893626,-87.641527
75,Canal St & Jackson Blvd,Canal St & Jackson Blvd,41.877245,-87.63936600000001
76,Lake Shore Dr & Monroe St,Lake Shore Dr & Monroe St,41.880958,-87.616743
77,Clinton St & Madison St,Clinton St & Madison St,41.882242,-87.64106600000001
80,Aberdeen St & Monroe St,Aberdeen St & Monroe St,41.880419,-87.655519
81,Daley Center Plaza,Daley Center Plaza,41.884240999999996,-87.629634
84,Milwaukee Ave & Grand Ave,Milwaukee Ave & Grand Ave,41.891578,-87.648384
85,Michigan Ave & Oak St,Michigan Ave & Oak St,41.90096,-87.623777
86,Eckhart Park,Eckhart Park,41.896373,-87.660984
87,Racine Ave & Fullerton Ave,Racine Ave & Fullerton Ave,41.925563000000004,-87.658404
88,Racine Ave & Randolph St,Racine Ave & Randolph St,41.884069000000004,-87.656853
89,Financial Pl & Congress Pkwy (Temp),Financial Pl & Congress Pkwy (Temp),41.874618,-87.632882
90,Millennium Park,Millennium Park,41.881032,-87.624084
91,Clinton St & Washington Blvd,Clinton St & Washington Blvd,41.883379999999995,-87.64116999999999
92,Carpenter St & Huron St,Carpenter St & Huron St,41.894556,-87.653449
93,Sheffield Ave & Willow St,Sheffield Ave & Willow St,41.913688,-87.652855
94,Clark St & Armitage Ave,Clark St & Armitage Ave,41.918306,-87.636282
95,Stony Island Ave & 64th St,Stony Island Ave & 64th St,41.778881,-87.586647
96,Desplaines St & Randolph St,Desplaines St & Randolph St,41.884615999999994,-87.644571
97,Field Museum,Field Museum,41.865312,-87.617867
98,LaSalle St & Washington St,LaSalle St & Washington St,41.882664,-87.63253
99,Lake Shore Dr & Ohio St,Lake Shore Dr & Ohio St,41.89257,-87.614492
100,Orleans St & Merchandise Mart Plaza,Orleans St & Merchandise Mart Plaza,41.888243,-87.63639
101,63rd St Beach,63rd St Beach,41.781015999999994,-87.57611999999999
102,Stony Island Ave & 67th St,Stony Island Ave & 67th St,41.773458000000005,-87.58534
103,Clinton St & Polk St (*),Clinton St & Polk St (*),41.871466999999996,-87.64094899999999
106,State St & Pearson St,State St & Pearson St,41.897448,-87.628722
107,Desplaines St & Jackson Blvd,Desplaines St & Jackson Blvd,41.878287,-87.643909
108,Halsted St & Polk St,Halsted St & Polk St,41.87184,-87.64664
109,900 W Harrison St,900 W Harrison St,41.874753999999996,-87.649807
110,Dearborn St & Erie St,Dearborn St & Erie St,41.893992,-87.62931800000001
111,Sedgwick St & Huron St,Sedgwick St & Huron St,41.894666,-87.638437
112,Green St & Randolph St,Green St & Randolph St,41.883668,-87.64867
113,Bissell St & Armitage Ave,Bissell St & Armitage Ave,41.918440000000004,-87.65222
114,Sheffield Ave & Waveland Ave,Sheffield Ave & Waveland Ave,41.949399,-87.65452900000001
115,Sheffield Ave & Wellington Ave,Sheffield Ave & Wellington Ave,41.936265999999996,-87.652662
116,Western Ave & Winnebago Ave,Western Ave & Winnebago Ave,41.91552,-87.687022
117,Wilton Ave & Belmont Ave,Wilton Ave & Belmont Ave,41.94018,-87.65304
118,Sedgwick St & North Ave,Sedgwick St & North Ave,41.911386,-87.638677
119,Ashland Ave & Lake St (Temp),Ashland Ave & Lake St (Temp),41.88592,-87.66717
120,Wentworth Ave & Cermak Rd (Temp),Wentworth Ave & Cermak Rd (Temp),41.853004999999996,-87.630578
121,Blackstone Ave & Hyde Park Blvd,Blackstone Ave & Hyde Park Blvd,41.802562,-87.59036800000001
122,Ogden Ave & Congress Pkwy,Ogden Ave & Congress Pkwy,41.875009999999996,-87.67328
123,California Ave & Milwaukee Ave,California Ave & Milwaukee Ave,41.922695000000004,-87.697153
124,Damen Ave & Cullerton St,Damen Ave & Cullerton St,41.855048,-87.675726
125,Rush St & Hubbard St,Rush St & Hubbard St,41.890173,-87.62618499999999
126,Clark St & North Ave,Clark St & North Ave,41.911974,-87.63194200000001
127,Lincoln Ave & Fullerton Ave,Lincoln Ave & Fullerton Ave,41.925905,-87.64926
128,Damen Ave & Chicago Ave,Damen Ave & Chicago Ave,41.895769,-87.67721999999999
129,Blue Island Ave & 18th St,Blue Island Ave & 18th St,41.857556,-87.661535
130,Damen Ave & Division St,Damen Ave & Division St,41.903265999999995,-87.678435
131,Lincoln Ave & Belmont Ave,Lincoln Ave & Belmont Ave,41.939365,-87.668385
132,Wentworth Ave & 24th St,Wentworth Ave & 24th St,41.849237,-87.631715
133,Kingsbury St & Kinzie St,Kingsbury St & Kinzie St,41.889177000000004,-87.638506
134,Peoria St & Jackson Blvd,Peoria St & Jackson Blvd,41.877749,-87.649633
135,Halsted St & 21st St,Halsted St & 21st St,41.85378,-87.64665
136,Racine Ave & 13th St,Racine Ave & 13th St,41.865054,-87.656959
137,Morgan Ave & 14th Pl,Morgan Ave & 14th Pl,41.862378,-87.651062
138,Clybourn Ave & Division St,Clybourn Ave & Division St,41.904613,-87.640552
140,Dearborn Pkwy & Delaware Pl,Dearborn Pkwy & Delaware Pl,41.898969,-87.629912
141,Clark St & Lincoln Ave,Clark St & Lincoln Ave,41.915689,-87.6346
142,McClurg Ct & Erie St,McClurg Ct & Erie St,41.894503,-87.61785400000001
143,Sedgwick St & Webster Ave,Sedgwick St & Webster Ave,41.922167,-87.638888
144,Larrabee St & Webster Ave,Larrabee St & Webster Ave,41.921822,-87.64414000000001
145,Mies van der Rohe Way & Chestnut St,Mies van der Rohe Way & Chestnut St,41.898587,-87.621915
146,Loomis St & Jackson Blvd,Loomis St & Jackson Blvd,41.877945000000004,-87.66200699999999
147,Indiana Ave & 26th St,Indiana Ave & 26th St,41.845687,-87.62248100000001
148,State St & 33rd St,State St & 33rd St,41.834734000000005,-87.625813
149,Calumet Ave & 33rd St,Calumet Ave & 33rd St,41.8349,-87.61793
150,Fort Dearborn Dr & 31st St,Fort Dearborn Dr & 31st St,41.838556,-87.60821800000001
152,Lincoln Ave & Diversey Pkwy,Lincoln Ave & Diversey Pkwy,41.932225,-87.658617
153,Southport Ave & Wellington Ave,Southport Ave & Wellington Ave,41.935733,-87.663576
154,Southport Ave & Belmont Ave,Southport Ave & Belmont Ave,41.93949,-87.66378
156,Clark St & Wellington Ave,Clark St & Wellington Ave,41.936496999999996,-87.647539
157,Lake Shore Dr & Wellington Ave,Lake Shore Dr & Wellington Ave,41.936669,-87.636794
158,Milwaukee Ave & Wabansia Ave,Milwaukee Ave & Wabansia Ave,41.912616,-87.681391
159,Claremont Ave & Hirsch St,1451 N Claremont Ave,41.907781,-87.685854
160,Campbell Ave & North Ave,Campbell Ave & North Ave,41.910534999999996,-87.68955600000001
161,Rush St & Superior St,Rush St & Superior St,41.895765000000004,-87.625908
162,Damen Ave & Wellington Ave,Damen Ave & Wellington Ave,41.93588,-87.67841999999999
163,Damen Ave & Clybourn Ave,Damen Ave & Clybourn Ave,41.931931,-87.677856
164,Franklin St & Lake St,Franklin St & Lake St,41.885837,-87.6355
165,Clark St & Grace St,Clark St & Grace St,41.95078,-87.659172
166,Ashland Ave & Wrightwood Ave,Ashland Ave & Wrightwood Ave,41.92883,-87.66850699999999
167,Damen Ave & Coulter St,Damen Ave & Coulter St,41.8492,-87.67564
168,Michigan Ave & 14th St,Michigan Ave & 14th St,41.864059000000005,-87.623727
169,Canal St & Harrison St,Canal St & Harrison St,41.874255,-87.639573
170,Clinton St & 18th St,Clinton St & 18th St,41.85795,-87.640826
171,May St & Cullerton St,May St & Cullerton St,41.855136,-87.654127
172,Rush St & Cedar St,Rush St & Cedar St,41.902309,-87.627691
173,Mies van der Rohe Way & Chicago Ave,Mies van der Rohe Way & Chicago Ave,41.89691,-87.62174300000001
174,Canal St & Madison St,Canal St & Madison St,41.882090999999996,-87.639833
175,Wells St & Polk St,Wells St & Polk St,41.872596,-87.63350200000001
176,Clark St & Elm St,Clark St & Elm St,41.902972999999996,-87.63128
177,Theater on the Lake,Theater on the Lake,41.926277,-87.630834
178,State St & 19th St,State St & 19th St,41.856594,-87.627542
179,MLK Jr Dr & Pershing Rd,MLK Jr Dr & Pershing Rd,41.8246,-87.61678
180,Ritchie Ct & Banks St,Ritchie Ct & Banks St,41.906866,-87.62621700000001
181,LaSalle St & Illinois St,LaSalle St & Illinois St,41.890762,-87.631697
182,Wells St & Elm St,Wells St & Elm St,41.903222,-87.63432399999999
183,Damen Ave & Thomas St (Augusta Blvd),Damen Ave & Thomas St (Augusta Blvd),41.901315000000004,-87.677409
184,State St & 35th St,State St & 35th St,41.83104,-87.62688
185,Stave St & Armitage Ave,Stave St & Armitage Ave,41.917741,-87.69139200000001
186,Ogden Ave & Race Ave,Ogden Ave & Race Ave,41.891795,-87.658751
188,Greenview Ave & Fullerton Ave,Greenview Ave & Fullerton Ave,41.925329999999995,-87.6658
190,Southport Ave & Wrightwood Ave,Southport Ave & Wrightwood Ave,41.928773,-87.663913
191,Canal St & Monroe St (*),Canal St & Monroe St (*),41.880381,-87.639507
192,Canal St & Adams St,Canal St & Adams St,41.879255,-87.639904
193,State St & 29th St,State St & 29th St,41.841707,-87.626938
194,Wabash Ave & Wacker Pl,Wabash Ave & Wacker Pl,41.886875,-87.62603
195,Columbus Dr & Randolph St,Columbus Dr & Randolph St,41.884728,-87.61952099999999
196,Cityfront Plaza Dr & Pioneer Ct,Cityfront Plaza Dr & Pioneer Ct,41.890572999999996,-87.622072
197,Michigan Ave & Madison St,Michigan Ave & Madison St,41.882134,-87.625125
198,Green St & Madison St,Green St & Madison St,41.881892,-87.64878900000001
199,Wabash Ave & Grand Ave,Wabash Ave & Grand Ave,41.891465999999994,-87.626761
200,MLK Jr Dr & 47th St,MLK Jr Dr & 47th St,41.809851,-87.616279
201,Indiana Ave & 40th St,Indiana Ave & 40th St,41.82168,-87.6216
202,Halsted St & 18th St,Halsted St & 18th St,41.857499,-87.646277
203,Western Ave & 21st St,Western Ave & 21st St,41.854109,-87.685838
204,Prairie Ave & Garfield Blvd,Prairie Ave & Garfield Blvd,41.794354,-87.619304
205,Paulina St & 18th St,Paulina St & 18th St,41.857901,-87.668745
206,Halsted St & Archer Ave,Halsted St & Archer Ave,41.847203,-87.646795
207,Emerald Ave & 28th St,Emerald Ave & 28th St,41.843579999999996,-87.645368
208,Ashland Ave & 21st St,Ashland Ave & 21st St,41.853809999999996,-87.665897
209,Normal Ave & Archer Ave,Normal Ave & Archer Ave,41.849527,-87.640591
210,Ashland Ave & Division St,Ashland Ave & Division St,41.90345,-87.66774699999999
211,St. Clair St & Erie St,St. Clair St & Erie St,41.894448,-87.622663
212,Wells St & Hubbard St,Wells St & Hubbard St,41.889905999999996,-87.634266
213,Leavitt St & North Ave,Leavitt St & North Ave,41.910153,-87.68229000000001
214,Damen Ave & Grand Ave,Damen Ave & Grand Ave,41.891220000000004,-87.67685999999999
215,Damen Ave & Madison St,Damen Ave & Madison St,41.881370000000004,-87.67493
216,California Ave & Division St,California Ave & Division St,41.903029,-87.697474
217,Racine Ave (May St) & Fulton St,Racine Ave (May St) & Fulton St,41.886926,-87.65691899999999
218,Wells St & 19th St,Wells St & 19th St,41.856802,-87.63387900000001
219,Damen Ave & Cortland St,Damen Ave & Cortland St,41.915972,-87.677652
220,Clark St & Drummond Pl,Clark St & Drummond Pl,41.931248,-87.644336
222,Milwaukee Ave & Rockwell St,Milwaukee Ave & Rockwell St,41.920195,-87.693033
223,Clifton Ave & Armitage Ave,Clifton Ave & Armitage Ave,41.918215999999994,-87.656936
224,Halsted St & Willow St,Halsted St & Willow St,41.913865,-87.64875500000001
225,Halsted St & Dickens Ave,Halsted St & Dickens Ave,41.919936,-87.64883
226,Racine Ave & Belmont Ave,Racine Ave & Belmont Ave,41.939743,-87.658865
227,Southport Ave & Waveland Ave,Southport Ave & Waveland Ave,41.94815,-87.66394
228,Damen Ave & Melrose Ave,Damen Ave & Melrose Ave,41.9406,-87.6785
229,Southport Ave & Roscoe St,Southport Ave & Roscoe St,41.943739,-87.66402
230,Lincoln Ave & Roscoe St,Lincoln Ave & Roscoe St,41.94334,-87.67097
231,Sheridan Rd & Montrose Ave,Sheridan Rd & Montrose Ave,41.96167,-87.65464
232,Pine Grove Ave & Waveland Ave,Pine Grove Ave & Waveland Ave,41.949275,-87.646303
233,Sangamon St & Washington Blvd (*),Sangamon St & Washington Blvd (*),41.883165000000005,-87.6511
234,Clark St & Montrose Ave,Clark St & Montrose Ave,41.961588,-87.666036
236,Sedgwick St & Schiller St,Sedgwick St & Schiller St,41.907626,-87.638566
237,MLK Jr Dr & 29th St,MLK Jr Dr & 29th St,41.842052,-87.617
238,Wolcott (Ravenswood) Ave & Montrose Ave (*),Wolcott (Ravenswood) Ave & Montrose Ave (*),41.961406,-87.67616899999999
239,Western Ave & Leland Ave,Western Ave & Leland Ave,41.966555,-87.688487
240,Sheridan Rd & Irving Park Rd,Sheridan Rd & Irving Park Rd,41.954245,-87.65440600000001
241,Morgan St & Polk St,Morgan St & Polk St,41.871736999999996,-87.65103
242,Damen Ave & Leland Ave,Damen Ave & Leland Ave,41.967094,-87.679028
243,Lincoln Ave & Sunnyside Ave,Lincoln Ave & Sunnyside Ave,41.963004,-87.684781
244,Ravenswood Ave & Irving Park Rd,Ravenswood Ave & Irving Park Rd,41.95469,-87.67393
245,Clarendon Ave & Junior Ter,Clarendon Ave & Junior Ter,41.961003999999996,-87.649603
246,Ashland Ave & Belle Plaine Ave,Ashland Ave & Belle Plaine Ave,41.956057,-87.668835
247,Shore Dr & 55th St,Shore Dr & 55th St,41.795212,-87.580715
248,Woodlawn Ave & 55th St,Woodlawn Ave & 55th St,41.795264,-87.596471
249,Montrose Harbor,Montrose Harbor,41.963982,-87.638181
250,Ashland Ave & Wellington Ave,Ashland Ave & Wellington Ave,41.936083,-87.66980699999999
251,Clarendon Ave & Leland Ave,Clarendon Ave & Leland Ave,41.967968,-87.650001
252,Greenwood Ave & 47th St,Greenwood Ave & 47th St,41.809835,-87.59938299999999
253,Winthrop Ave & Lawrence Ave,Winthrop Ave & Lawrence Ave,41.968812,-87.657659
254,Pine Grove Ave & Irving Park Rd,Pine Grove Ave & Irving Park Rd,41.954383,-87.648043
255,Indiana Ave & Roosevelt Rd,Indiana Ave & Roosevelt Rd,41.867888,-87.623041
256,Broadway & Sheridan Rd,Broadway & Sheridan Rd,41.952833,-87.64999300000001
257,Lincoln Ave & Waveland Ave,Lincoln Ave & Waveland Ave,41.948797,-87.675278
258,Logan Blvd & Elston Ave,Logan Blvd & Elston Ave,41.929465,-87.684158
259,California Ave & Francis Pl,California Ave & Francis Pl,41.918121,-87.696972
260,Kedzie Ave & Milwaukee Ave,Kedzie Ave & Milwaukee Ave,41.929567,-87.70785699999999
261,Hermitage Ave & Polk St,Hermitage Ave & Polk St,41.871514000000005,-87.669886
262,Halsted St & 37th St,Halsted St & 37th St,41.827059000000006,-87.64572
263,Rhodes Ave & 32nd St,Rhodes Ave & 32nd St,41.836208,-87.61353299999999
264,Stetson Ave & South Water St,Stetson Ave & South Water St,41.886835,-87.62232
265,Cottage Grove Ave & Oakwood Blvd,Cottage Grove Ave & Oakwood Blvd,41.822984999999996,-87.6071
267,Lake Park Ave & 47th St,Lake Park Ave & 47th St,41.809443,-87.591875
268,Lake Shore Dr & North Blvd,Lake Shore Dr & North Blvd,41.911722,-87.626804
270,Stony Island Ave & 75th St,Stony Island Ave & 75th St,41.75867,-87.586883
271,Cottage Grove Ave & 43rd St,Cottage Grove Ave & 43rd St,41.816499,-87.60658199999999
272,Indiana Ave & 31st St,Indiana Ave & 31st St,41.838842,-87.62185699999999
273,Michigan Ave & 18th St,Michigan Ave & 18th St,41.857813,-87.62455
274,Racine Ave & 15th St,Racine Ave & 15th St,41.861267,-87.656625
275,Ashland Ave & 13th St,Ashland Ave & 13th St,41.865234,-87.666507
276,California Ave & North Ave,California Ave & North Ave,41.91044,-87.6972
277,Ashland Ave & Grand Ave,Ashland Ave & Grand Ave,41.891071999999994,-87.666611
278,Wallace St & 35th St,Wallace St & 35th St,41.830628999999995,-87.64129
279,Halsted St & 35th St (*),Halsted St & 35th St (*),41.830661,-87.647172
280,Morgan St & 31st St,Morgan St & 31st St,41.8378,-87.65114
281,Western Ave & 24th St,Western Ave & 24th St,41.84847,-87.685109
282,Halsted St & Maxwell St,Halsted St & Maxwell St,41.864883,-87.647071
283,LaSalle St & Jackson Blvd,LaSalle St & Jackson Blvd,41.878166,-87.631929
284,Michigan Ave & Jackson Blvd,Michigan Ave & Jackson Blvd,41.87785,-87.62408
285,Wood St & Hubbard St,Wood St & Hubbard St,41.889587,-87.67195600000001
286,Franklin St & Quincy St,Franklin St & Quincy St,41.878724,-87.634793
287,Franklin St & Monroe St,Franklin St & Monroe St,41.880317,-87.63518499999999
288,Larrabee St & Armitage Ave,Larrabee St & Armitage Ave,41.918084,-87.643749
289,Wells St & Concord Ln,Wells St & Concord Ln,41.912133000000004,-87.634656
290,Kedzie Ave & Palmer Ct,Kedzie Ave & Palmer Ct,41.921525,-87.70732199999999
291,Wells St & Evergreen Ave,Wells St & Evergreen Ave,41.906724,-87.63483000000001
292,Southport Ave & Clark St,Southport Ave & Clark St,41.957081,-87.664199
293,Broadway & Wilson Ave,Broadway & Wilson Ave,41.965221,-87.658139
294,Broadway & Berwyn Ave,Broadway & Berwyn Ave,41.978353000000006,-87.65975300000001
295,Broadway & Argyle St,Broadway & Argyle St,41.973815,-87.65966
296,Broadway & Belmont Ave,Broadway & Belmont Ave,41.940106,-87.645451
297,Paulina St & Montrose Ave,Paulina St & Montrose Ave,41.961507,-87.671387
298,Lincoln Ave & Belle Plaine Ave,Lincoln Ave & Belle Plaine Ave,41.955927,-87.679259
299,Halsted St & Roscoe St,Halsted St & Roscoe St,41.943670000000004,-87.64895
300,Broadway & Barry Ave,Broadway & Barry Ave,41.937725,-87.644095
301,Clark St & Schiller St,Clark St & Schiller St,41.907993,-87.631501
302,Sheffield Ave & Wrightwood Ave,Sheffield Ave & Wrightwood Ave,41.928712,-87.65383299999999
303,Broadway & Cornelia Ave,Broadway & Cornelia Ave,41.945529,-87.646439
304,Broadway & Waveland Ave,Broadway & Waveland Ave,41.949073999999996,-87.648636
305,Western Ave & Division St,Western Ave & Division St,41.902893,-87.687275
306,Sheridan Rd & Buena Ave,Sheridan Rd & Buena Ave,41.958494,-87.654966
307,Southport Ave & Clybourn Ave,Southport Ave & Clybourn Ave,41.920771,-87.663712
308,Seeley Ave & Roscoe St,Seeley Ave & Roscoe St,41.943403,-87.679618
309,Leavitt St & Armitage Ave,Leavitt St & Armitage Ave,41.917805,-87.682437
310,Damen Ave & Charleston St,Damen Ave & Charleston St,41.920082,-87.67785500000001
311,Leavitt St & Lawrence Ave,Leavitt St & Lawrence Ave,41.968885,-87.684001
312,Clarendon Ave & Gordon Ter,Clarendon Ave & Gordon Ter,41.957879,-87.649519
313,Lakeview Ave & Fullerton Pkwy,Lakeview Ave & Fullerton Pkwy,41.925858000000005,-87.638973
314,Ravenswood Ave & Berteau Ave,Ravenswood Ave & Berteau Ave,41.957921,-87.673567
315,Elston Ave & Wabansia Ave,Elston Ave & Wabansia Ave,41.912919,-87.664169
316,Damen Ave & Sunnyside Ave,Damen Ave & Sunnyside Ave,41.96325,-87.67925799999999
317,Wood St & Taylor St,Wood St & Taylor St,41.869153999999995,-87.67104499999999
318,Southport Ave & Irving Park Rd,Southport Ave & Irving Park Rd,41.954177,-87.664358
319,Greenview Ave & Diversey Pkwy,Greenview Ave & Diversey Pkwy,41.932595,-87.665939
320,Loomis St & Lexington St,Loomis St & Lexington St,41.872187,-87.661501
321,Wabash Ave & 9th St,Wabash Ave & 9th St,41.870769,-87.625734
322,Kimbark Ave & 53rd St,Kimbark Ave & 53rd St,41.799568,-87.594747
323,Sheridan Rd & Lawrence Ave,Sheridan Rd & Lawrence Ave,41.969516999999996,-87.654691
324,Stockton Dr & Wrightwood Ave,Stockton Dr & Wrightwood Ave,41.93132,-87.63874200000001
325,Clark St & Winnemac Ave (Temp),Clark St & Winnemac Ave (Temp),41.973255,-87.6697
326,Clark St & Leland Ave,Clark St & Leland Ave,41.967096000000005,-87.667429
327,Sheffield Ave & Webster Ave,Sheffield Ave & Webster Ave,41.92154,-87.653818
328,Ellis Ave & 58th St,Ellis Ave & 58th St,41.788746,-87.601334
329,Lake Shore Dr & Diversey Pkwy,Lake Shore Dr & Diversey Pkwy,41.932588,-87.636427
330,Lincoln Ave & Addison St,Lincoln Ave & Addison St,41.946176,-87.67330799999999
331,Halsted St & Clybourn Ave (*),Halsted St & Clybourn Ave (*),41.909667999999996,-87.648128
332,Burling St (Halsted) & Diversey Pkwy (Temp),Burling St (Halsted) & Diversey Pkwy (Temp),41.93314,-87.64775999999999
333,Ashland Ave & Blackhawk St,Ashland Ave & Blackhawk St,41.907066,-87.667252
334,Lake Shore Dr & Belmont Ave,Lake Shore Dr & Belmont Ave,41.940775,-87.63919200000001
335,Calumet Ave & 35th St,Calumet Ave & 35th St,41.831379,-87.618034
336,Cottage Grove Ave & 47th St,Cottage Grove Ave & 47th St,41.809855,-87.606755
337,Clark St & Chicago Ave,Clark St & Chicago Ave,41.896544,-87.630931
338,Calumet Ave & 18th St,Calumet Ave & 18th St,41.857611,-87.619407
339,Emerald Ave & 31st St,Emerald Ave & 31st St,41.838198,-87.645143
340,Clark St & Wrightwood Ave,Clark St & Wrightwood Ave,41.929546,-87.643118
341,Adler Planetarium,Adler Planetarium,41.866095,-87.60726700000001
342,Wolcott Ave & Polk St,Wolcott Ave & Polk St,41.871262,-87.673688
343,Racine Ave & Wrightwood Ave,Racine Ave & Wrightwood Ave,41.928886999999996,-87.658971
344,Ravenswood Ave & Lawrence Ave,Ravenswood Ave & Lawrence Ave,41.96909,-87.674237
345,Lake Park Ave & 56th St,Lake Park Ave & 56th St,41.793242,-87.58778199999999
346,Ada St & Washington Blvd,Ada St & Washington Blvd,41.88283,-87.661206
347,Ashland Ave & Grace St,Ashland Ave & Grace St,41.950687,-87.6687
348,California Ave & 21st St,California Ave & 21st St,41.854015999999994,-87.69544499999999
349,Halsted St & Wrightwood Ave,Halsted St & Wrightwood Ave,41.929142999999996,-87.649077
350,Ashland Ave & Chicago Ave,Ashland Ave & Chicago Ave,41.895965999999994,-87.66774699999999
351,Cottage Grove Ave & 51st St,Cottage Grove Ave & 51st St,41.803038,-87.606615
352,Jeffery Blvd & 67th St,Jeffery Blvd & 67th St,41.773518,-87.577143
353,Clark St & Touhy Ave,Clark St & Touhy Ave,42.01256,-87.674367
354,Sheridan Rd & Greenleaf Ave,Sheridan Rd & Greenleaf Ave,42.010587,-87.662412
355,South Shore Dr & 67th St,South Shore Dr & 67th St,41.773643,-87.567514
356,Stony Island Ave & 71st St,Stony Island Ave & 71st St,41.766493,-87.586461
359,Larrabee St & Division St,Larrabee St & Division St,41.903486,-87.643353
364,Larrabee St & Oak St,Larrabee St & Oak St,41.900219,-87.642985
365,Halsted St & North Branch St,Halsted St & North Branch St,41.899368,-87.64848
366,Loomis St & Archer Ave,Loomis St & Archer Ave,41.841633,-87.65743499999999
367,Racine Ave & 35th St,Racine Ave & 35th St,41.830696,-87.655976
368,Ashland Ave & Archer Ave,Ashland Ave & Archer Ave,41.839209000000004,-87.66561
369,Wood St & 35th St,Wood St & 35th St,41.830104999999996,-87.670298
370,Calumet Ave & 21st St,Calumet Ave & 21st St,41.854184000000004,-87.61915400000001
373,Kedzie Ave & Chicago Ave,Kedzie Ave & Chicago Ave,41.895465,-87.706128
374,Western Ave & Walton St,Western Ave & Walton St,41.898418,-87.686596
375,Sacramento Blvd & Franklin Blvd,Sacramento Blvd & Franklin Blvd,41.889727,-87.70103
376,Artesian Ave & Hubbard St,Artesian Ave & Hubbard St,41.889492,-87.68821899999999
377,Kedzie Ave & Lake St,Kedzie Ave & Lake St,41.884603000000006,-87.706304
378,California Ave & Lake St,California Ave & Lake St,41.884454,-87.696298
381,Western Ave & Monroe St,Western Ave & Monroe St,41.879788,-87.686113
382,Western Ave & Congress Pkwy,Western Ave & Congress Pkwy,41.874749,-87.68644499999999
383,Ashland Ave & Harrison St,Ashland Ave & Harrison St,41.874291,-87.66724599999999
384,Halsted St & 51st St,Halsted St & 51st St,41.801832,-87.645214
385,Princeton Ave & Garfield Blvd,Princeton Ave & Garfield Blvd,41.794982,-87.633124
386,Halsted St & 56th St,Halsted St & 56th St,41.79293,-87.64499
388,Halsted St & 63rd St,Halsted St & 63rd St,41.779381,-87.644621
390,Wentworth Ave & 63rd St,Wentworth Ave & 63rd St,41.78008,-87.629746
391,Halsted St & 69th St,Halsted St & 69th St,41.769062,-87.644614
392,Perry Ave & 69th St,Perry Ave & 69th St,41.769293,-87.628196
393,Calumet Ave & 71st St,Calumet Ave & 71st St,41.765508000000004,-87.616918
394,Clark St & 9th St (AMLI),Clark St & 9th St (AMLI),41.870816,-87.63124599999999
395,Jeffery Blvd & 76th St,Jeffery Blvd & 76th St,41.75712,-87.575839
396,Yates Blvd & 75th St,Yates Blvd & 75th St,41.758767999999996,-87.56644
398,Rainbow Beach,Rainbow Beach,41.757871,-87.549386
399,South Shore Dr & 74th St,South Shore Dr & 74th St,41.762189,-87.559275
400,Cottage Grove Ave & 71st St,Cottage Grove Ave & 71st St,41.765719,-87.60495999999999
401,Shields Ave & 28th Pl,Shields Ave & 28th Pl,41.842733,-87.635491
402,Shields Ave & 31st St,Shields Ave & 31st St,41.838464,-87.635406
403,Wentworth Ave & 33rd St,Wentworth Ave & 33rd St,41.83453,-87.631823
405,Wentworth Ave & 35th St,Wentworth Ave & 35th St,41.830777000000005,-87.632504
406,Lake Park Ave & 35th St,Lake Park Ave & 35th St,41.831274,-87.608799
407,State St & Pershing Rd,State St & Pershing Rd,41.823015000000005,-87.626568
408,Union Ave & Root St,Union Ave & Root St,41.819102,-87.64327800000001
409,Shields Ave & 43rd St,Shields Ave & 43rd St,41.816208,-87.634819
410,Prairie Ave & 43rd St,Prairie Ave & 43rd St,41.816659,-87.619412
411,Halsted St & 47th Pl,Halsted St & 47th Pl,41.808134,-87.645617
412,Princeton Ave & 47th St,Princeton Ave & 47th St,41.809318,-87.633449
413,Woodlawn Ave & Lake Park Ave,Woodlawn Ave & Lake Park Ave,41.814093,-87.59700500000001
414,Canal St & Taylor St,Canal St & Taylor St,41.870257,-87.63947399999999
415,Calumet Ave & 51st St,Calumet Ave & 51st St,41.802295,-87.618054
416,Dorchester Ave & 49th St,Dorchester Ave & 49th St,41.805772,-87.592464
417,Cornell Ave & Hyde Park Blvd,Cornell Ave & Hyde Park Blvd,41.802406,-87.586924
418,Ellis Ave & 53rd St,Ellis Ave & 53rd St,41.799336,-87.60095799999999
419,Lake Park Ave & 53rd St,Lake Park Ave & 53rd St,41.799494,-87.58645
420,Ellis Ave & 55th St,Ellis Ave & 55th St,41.794301000000004,-87.60145
421,MLK Jr Dr & 56th St (*),MLK Jr Dr & 56th St (*),41.793428999999996,-87.615853
422,DuSable Museum,DuSable Museum,41.791568,-87.60785200000001
423,University Ave & 57th St,University Ave & 57th St,41.791478000000005,-87.599861
424,Museum of Science and Industry,Museum of Science and Industry,41.791728000000006,-87.583945
425,Harper Ave & 59th St,Harper Ave & 59th St,41.787943,-87.58831500000001
426,Ellis Ave & 60th St,Ellis Ave & 60th St,41.785097,-87.601073
427,Cottage Grove Ave & 63rd St,Cottage Grove Ave & 63rd St,41.780599,-87.606112
428,Dorchester Ave & 63rd St,Dorchester Ave & 63rd St,41.780406,-87.59141600000001
429,Cottage Grove Ave & 67th St,Cottage Grove Ave & 67th St,41.773721,-87.60563499999999
430,MLK Jr Dr & 63rd St,MLK Jr Dr & 63rd St,41.780081,-87.615943
431,Eberhart Ave & 61st St,Eberhart Ave & 61st St,41.784141999999996,-87.61330799999999
432,Clark St & Lunt Ave,Clark St & Lunt Ave,42.009074,-87.67419
433,Kedzie Ave & Harrison St,Kedzie Ave & Harrison St,41.8736,-87.704871
434,Ogden Ave & Roosevelt Rd,Ogden Ave & Roosevelt Rd,41.866501,-87.684697
435,Kedzie Ave & Roosevelt Rd,Kedzie Ave & Roosevelt Rd,41.866493,-87.706496
436,Fairfield Ave & Roosevelt Rd,Fairfield Ave & Roosevelt Rd,41.866624,-87.694521
437,Washtenaw Ave & Ogden Ave (*),Washtenaw Ave & Ogden Ave (*),41.861894,-87.693511
438,Central Park Ave & Ogden Ave,Central Park Ave & Ogden Ave,41.854203999999996,-87.715406
439,Kedzie Ave & 21st St,Kedzie Ave & 21st St,41.853534,-87.705073
440,Central Park Ave & 24th St,Central Park Ave & 24th St,41.8481,-87.715068
441,Kedzie Ave & 24th St,Kedzie Ave & 24th St,41.848191,-87.705414
442,California Ave & 23rd Pl,California Ave & 23rd Pl,41.849109999999996,-87.69514000000001
443,Millard Ave & 26th St,Millard Ave & 26th St,41.844567,-87.71591
444,Albany Ave & 26th St,Albany Ave & 26th St,41.844475,-87.702013
445,California Ave & 26th St,California Ave & 26th St,41.84404,-87.695296
446,Western Ave & 28th St,Western Ave & 28th St,41.841518,-87.68513100000001
447,Glenwood Ave & Morse Ave,Glenwood Ave & Morse Ave,42.007971999999995,-87.665502
448,Warren Park East,Warren Park East,42.00455,-87.680666
449,Clark St & Columbia Ave,Clark St & Columbia Ave,42.004451,-87.672402
450,Warren Park West,Warren Park West,42.001785,-87.688829
451,Sheridan Rd & Loyola Ave,Sheridan Rd & Loyola Ave,42.001044,-87.661198
452,Western Ave & Granville Ave,Western Ave & Granville Ave,41.994161,-87.689438
453,Clark St & Schreiber Ave,Clark St & Schreiber Ave,41.999252,-87.671377
454,Broadway & Granville Ave,Broadway & Granville Ave,41.99478,-87.660285
455,Maplewood Ave & Peterson Ave,Maplewood Ave & Peterson Ave,41.990235999999996,-87.69337
456,2112 W Peterson Ave,2112 W Peterson Ave,41.991178000000005,-87.683593
457,Clark St & Elmdale Ave,Clark St & Elmdale Ave,41.990887,-87.669758
458,Broadway & Thorndale Ave,Broadway & Thorndale Ave,41.989743,-87.66014100000001
459,Lakefront Trail & Bryn Mawr Ave,Lakefront Trail & Bryn Mawr Ave,41.984037,-87.65231
460,Clark St & Bryn Mawr Ave,Clark St & Bryn Mawr Ave,41.983593,-87.669154
461,Broadway & Ridge Ave,Broadway & Ridge Ave,41.984045,-87.660274
462,Winchester (Ravenswood) Ave & Balmoral Ave,Winchester (Ravenswood) Ave & Balmoral Ave,41.979762,-87.67753
463,Clark St & Berwyn Ave,Clark St & Berwyn Ave,41.977996999999995,-87.668047
464,Damen Ave & Foster Ave,Damen Ave & Foster Ave,41.975615000000005,-87.679459
465,Marine Dr & Ainslie St,Marine Dr & Ainslie St,41.9716,-87.650154
466,Ridge Blvd & Touhy Ave,Ridge Blvd & Touhy Ave,42.012132,-87.682913
467,Western Ave & Lunt Ave,Western Ave & Lunt Ave,42.008594,-87.690492
468,Budlong Woods Library,Budlong Woods Library,41.983665,-87.696423
469,St. Louis Ave & Balmoral Ave,St. Louis Ave & Balmoral Ave,41.980394,-87.716115
470,Kedzie Ave & Foster Ave,Kedzie Ave & Foster Ave,41.975671999999996,-87.709261
471,Francisco Ave & Foster Ave,Francisco Ave & Foster Ave,41.975633,-87.701419
472,Lincoln Ave & Winona St,Lincoln Ave & Winona St,41.974911,-87.692503
474,Christiana Ave & Lawrence Ave,Christiana Ave & Lawrence Ave,41.968354,-87.711831
475,Washtenaw Ave & Lawrence Ave,Washtenaw Ave & Lawrence Ave,41.968987,-87.696027
476,Kedzie Ave & Leland Ave,Kedzie Ave & Leland Ave,41.966685999999996,-87.708052
477,Manor Ave & Leland Ave,Manor Ave & Leland Ave,41.965875,-87.700825
478,Rockwell St & Eastwood Ave,Rockwell St & Eastwood Ave,41.9659,-87.693638
479,Drake Ave & Montrose Ave,Drake Ave & Montrose Ave,41.961154,-87.71656899999999
480,Albany Ave & Montrose Ave,Albany Ave & Montrose Ave,41.961040999999994,-87.705866
481,California Ave & Montrose Ave,California Ave & Montrose Ave,41.961068,-87.69543900000001
482,Campbell Ave & Montrose Ave,Campbell Ave & Montrose Ave,41.961526,-87.691165
483,Avondale Ave & Irving Park Rd,Avondale Ave & Irving Park Rd,41.953393,-87.73200200000001
484,Monticello Ave & Irving Park Rd,Monticello Ave & Irving Park Rd,41.954005,-87.719128
485,Sawyer Ave & Irving Park Rd,Sawyer Ave & Irving Park Rd,41.953586,-87.709311
486,Oakley Ave & Irving Park Rd,Oakley Ave & Irving Park Rd,41.954341,-87.68608
487,California Ave & Byron St,California Ave & Byron St,41.952162,-87.698051
488,Pulaski Rd & Eddy St (Temp),Pulaski Rd & Eddy St (Temp),41.946264,-87.731023
489,Drake Ave & Addison St,Drake Ave & Addison St,41.947326000000004,-87.717582
490,Troy St & Elston Ave,Troy St & Elston Ave,41.945244,-87.70665
491,Talman Ave & Addison St,Talman Ave & Addison St,41.946636,-87.694615
492,Leavitt St & Addison St,Leavitt St & Addison St,41.946655,-87.683359
493,Western Ave & Roscoe St,Western Ave & Roscoe St,41.943034000000004,-87.687288
494,Kedzie Ave & Bryn Mawr Ave,Kedzie Ave & Bryn Mawr Ave,41.982397,-87.708923
495,Keystone Ave & Montrose Ave,Keystone Ave & Montrose Ave,41.961108,-87.72896999999999
496,Avers Ave & Belmont Ave,Avers Ave & Belmont Ave,41.939408,-87.723574
497,Kimball Ave & Belmont Ave,Kimball Ave & Belmont Ave,41.939398,-87.711561
498,California Ave & Fletcher St,California Ave & Fletcher St,41.938429,-87.698008
499,Kosciuszko Park,Kosciuszko Park,41.930585,-87.723777
500,Central Park Ave & Elbridge Ave,Central Park Ave & Elbridge Ave,41.935337,-87.716889
501,Richmond St & Diversey Ave,Richmond St & Diversey Ave,41.931902,-87.701195
502,California Ave & Altgeld St,California Ave & Altgeld St,41.92669,-87.69766800000001
503,Drake Ave & Fullerton Ave,Drake Ave & Fullerton Ave,41.924399,-87.715441
504,Campbell Ave & Fullerton Ave,Campbell Ave & Fullerton Ave,41.924632,-87.689307
505,Winchester Ave & Elston Ave,Winchester Ave & Elston Ave,41.924091,-87.67645999999999
506,Spaulding Ave & Armitage Ave,Spaulding Ave & Armitage Ave,41.917184000000006,-87.710357
507,Humboldt Blvd & Armitage Ave,Humboldt Blvd & Armitage Ave,41.917513,-87.701809
508,Central Park Ave & North Ave,Central Park Ave & North Ave,41.909657,-87.71663199999999
509,Troy St & North Ave,Troy St & North Ave,41.909769,-87.70528
510,Spaulding Ave & Division St,Spaulding Ave & Division St,41.902707,-87.70922
511,Albany Ave & Bloomingdale Ave,Albany Ave & Bloomingdale Ave,41.914027000000004,-87.705126
514,Ridge Blvd & Howard St,Ridge Blvd & Howard St,42.019276,-87.68451999999999
515,Paulina St & Howard St,Paulina St & Howard St,42.019159,-87.673573
517,Clark St & Jarvis Ave,Clark St & Jarvis Ave,42.015963,-87.675005
518,Conservatory Dr & Lake St,Conservatory Dr & Lake St,41.885502,-87.71686600000001
519,Wolcott Ave & Fargo Ave,Wolcott Ave & Fargo Ave,42.016977000000004,-87.677725
520,Greenview Ave & Jarvis Ave,Greenview Ave & Jarvis Ave,42.015962,-87.66856999999999
522,Bosworth Ave & Howard St,Bosworth Ave & Howard St,42.019537,-87.669563
523,Eastlake Ter & Rogers Ave,Eastlake Ter & Rogers Ave,42.021019,-87.665086
524,Austin Blvd & Chicago Ave,Austin Blvd & Chicago Ave,41.894887,-87.774704
525,Glenwood Ave & Touhy Ave,Glenwood Ave & Touhy Ave,42.012701,-87.66605799999999
526,Oakley Ave & Touhy Ave,Oakley Ave & Touhy Ave,42.012342,-87.688243
527,Western Ave & Howard St,Western Ave & Howard St,42.018901,-87.690048
528,Pulaski Rd & Lake St,Pulaski Rd & Lake St,41.885409,-87.72649100000001
529,Cicero Ave & Lake St,Cicero Ave & Lake St,41.886841,-87.745261
530,Laramie Ave & Kinzie St,Laramie Ave & Kinzie St,41.887832,-87.755527
531,Central Ave & Lake St,Central Ave & Lake St,41.887664,-87.765469
532,Austin Blvd & Lake St,Austin Blvd & Lake St,41.887919000000004,-87.774446
533,Central Park Blvd & 5th Ave,Central Park Blvd & 5th Ave,41.875679,-87.71547
534,Karlov Ave & Madison St,Karlov Rd & Madison St,41.88085,-87.727907
535,Pulaski Rd & Congress Pkwy,Pulaski Rd & Congress Pkwy,41.874325,-87.72570400000001
536,Kostner Ave & Lake St,Kostner Ave & Lake St,41.885928,-87.73541
537,Kenton Ave & Madison St,Kenton Ave & Madison St,41.880708,-87.74101800000001
538,Cicero Ave & Flournoy St,Cicero Ave & Flournoy St,41.872131,-87.746619
539,Cicero Ave & Quincy St,Cicero Ave & Quincy St,41.877613000000004,-87.745405
540,Laramie Ave & Madison St,Laramie Ave & Madison St,41.880207,-87.755337
541,Central Ave & Harrison St,Central Ave & Harrison St,41.872993,-87.764499
542,Central Ave & Madison St,Central Ave & Madison St,41.880121,-87.763238
543,Laramie Ave & Gladys Ave,Laramie Ave & Gladys Ave,41.875806,-87.755285
544,Austin Blvd & Madison St,Austin Blvd & Madison St,41.880281,-87.77445300000001
545,Kostner Ave & Adams St,Kostner Ave & Adams St,41.877917,-87.735737
546,Damen Ave & Pershing Rd,Damen Ave & Pershing Rd,41.823192,-87.676597
547,Ashland Ave & Pershing Rd,Ashland Ave & Pershing Rd,41.823465,-87.665577
548,Morgan St & Pershing Rd,Morgan St & Pershing Rd,41.823613,-87.650931
549,Marshfield Ave & 44th St,Marshfield Ave & 44th St,41.813996,-87.666589
550,Central Ave & Chicago Ave,Central Ave & Chicago Ave,41.894958,-87.764902
551,Hoyne Ave & 47th St,Hoyne Ave & 47th St,41.808227,-87.67718
552,Ashland Ave & McDowell Ave,Ashland Ave & McDowell Ave,41.80887,-87.66454
553,Elizabeth St & 47th St,Elizabeth St & 47th St,41.80839,-87.656526
554,Damen Ave & 51st St,Damen Ave & 51st St,41.800908,-87.674684
555,Ashland Ave & 50th St,Ashland Ave & 50th St,41.803022999999996,-87.664699
556,Throop St & 52nd St,Throop St & 52nd St,41.799659000000005,-87.657195
557,Seeley Ave & Garfield Blvd,Seeley Ave & Garfield Blvd,41.794087,-87.675478
558,Ashland Ave & Garfield Blvd,Ashland Ave & Garfield Blvd,41.792821999999994,-87.664429
559,Racine Ave & Garfield Blvd,Racine Ave & Garfield Blvd,41.794228000000004,-87.655073
560,Marshfield Ave & 59th St,Marshfield Ave & 59th St,41.786833,-87.66621500000001
561,Damen Ave & 59th St,Damen Ave & 59th St,41.78602,-87.67416700000001
562,Racine Ave & 61st St,Racine Ave & 61st St,41.783189,-87.654372
563,Ashland Ave & 63rd St,Ashland Ave & 63rd St,41.779374,-87.664843
564,Racine Ave & 65th St,Racine Ave & 65th St,41.775393,-87.654308
565,Ashland Ave & 66th St,Ashland Ave & 66th St,41.774074,-87.663815
566,Ashland Ave & 69th St,Ashland Ave & 69th St,41.768726,-87.664069
567,May St & 69th St,May St & 69th St,41.768938,-87.652934
568,Normal Ave & 72nd St,Normal Ave & 72nd St,41.763462,-87.637297
569,Woodlawn Ave & 75th St,Woodlawn Ave & 75th St,41.759159999999994,-87.595751
570,Evans Ave & 75th St,Evans Ave & 75th St,41.758308,-87.606685
571,Vernon Ave & 75th St,Vernon Ave & 75th St,41.758361,-87.614138
572,State St & 76th St,State St & 76th St,41.756971,-87.62462099999999
573,State St & 79th St,State St & 79th St,41.750794,-87.624424
574,Eberhart (Vernon) Ave & 79th St,Eberhart (Vernon) Ave & 79th St,41.751345,-87.61256800000001
575,Cottage Grove Ave & 78th St,Cottage Grove Ave & 78th St,41.753174,-87.605026
576,Greenwood Ave & 79th St,Greenwood Ave & 79th St,41.751294,-87.59755200000001
577,Stony Island Ave & South Chicago Ave,Stony Island Ave & South Chicago Ave,41.751173,-87.585337
578,Bennett Ave & 79th St,Bennett Ave & 79th St,41.751785,-87.578496
579,Phillips Ave & 79th St,Phillips Ave & 79th St,41.75182,-87.565211
580,Exchange Ave & 79th St,Exchange Ave & 79th St,41.751731,-87.552812
581,Commercial Ave & 83rd St,Commercial Ave & 83rd St,41.744615,-87.551208
582,Phillips Ave & 83rd St,Phillips Ave & 83rd St,41.744531,-87.56506
583,Stony Island Ave & 82nd St,Stony Island Ave & 82nd St,41.746559000000005,-87.586005
584,Ellis Ave & 83rd St,Ellis Ave & 83rd St,41.744122999999995,-87.599034
585,Cottage Grove Ave & 83rd St,Cottage Grove Ave & 83rd St,41.744053,-87.604786
586,MLK Jr Dr & 83rd St,MLK Jr Dr & 83rd St,41.743116,-87.6148
587,Wabash Ave & 83rd St,Wabash Ave & 83rd St,41.743316,-87.622849
588,South Chicago Ave & 83rd St,South Chicago Ave & 83rd St,41.743921,-87.575225
589,Milwaukee Ave & Cuyler Ave,Milwaukee Ave & Cuyler Ave,41.954468,-87.74959399999999
590,Kilbourn Ave & Irving Park Rd,Kilbourn Ave & Irving Park Rd,41.953733,-87.740569
591,Kilbourn Ave & Milwaukee Ave,Kilbourn Ave & Milwaukee Ave,41.948818,-87.74002
592,Knox Ave & Montrose Ave,Knox Ave & Montrose Ave,41.960631,-87.745359
593,Halsted St & 59th St,Halsted St & 59th St,41.787539,-87.644874
594,Western Blvd & 48th Pl,Western Blvd & 48th Pl,41.805661,-87.683392
595,Wabash Ave & 87th St,Wabash Ave & 87th St,41.736646,-87.62263399999999
596,Benson Ave & Church St,Benson Ave & Church St,42.048214,-87.683485
597,Chicago Ave & Washington St,Chicago Ave & Washington St,42.032562,-87.679101
598,Elmwood Ave & Austin St,Elmwood Ave & Austin St,42.025784,-87.684107
599,Valli Produce - Evanston Plaza,Valli Produce - Evanston Plaza,42.039742,-87.699413
600,Dodge Ave & Church St,Dodge Ave & Church St,42.048308,-87.698224
601,Central St Metra,Central St Metra,42.063598,-87.69873
602,Central St & Girard Ave,Central St & Girard Ave,42.064313,-87.686152
603,Chicago Ave & Sheridan Rd,Chicago Ave & Sheridan Rd,42.050491,-87.677821
604,Sheridan Rd & Noyes St (NU),Sheridan Rd & Noyes St (NU),42.058239,-87.677432
605,University Library (NU),University Library (NU),42.052939,-87.673447
619,Keystone Ave & Fullerton Ave,Keystone Ave & Fullerton Ave,41.924377,-87.72823100000001
620,Orleans St & Chestnut St (NEXT Apts),Orleans St & Chestnut St (NEXT Apts),41.898203,-87.637536
621,Aberdeen St & Randolph St,Aberdeen St & Randolph St,41.884114000000004,-87.654264
622,California Ave & Cortez St,California Ave & Cortez St,41.900363,-87.696704
623,Michigan Ave & 8th St,Michigan Ave & 8th St,41.872772999999995,-87.623981
624,Dearborn St & Van Buren St (*),Dearborn St & Van Buren St (*),41.876267999999996,-87.62915500000001
625,Chicago Ave & Dempster St,Chicago Ave & Dempster St,42.041691,-87.680687
626,Delano Ct & Roosevelt Rd,Delano Ct & Roosevelt Rd,41.867490999999994,-87.63219000000001
627,LaSalle Dr & Huron St (*),LaSalle Dr & Huron St(*),41.894877,-87.632326
628,Walsh Park,Walsh Park,41.914609999999996,-87.667968
630,Kildare Ave & Montrose Ave,Kildare Ave & Montrose Ave,41.961079999999995,-87.73569
631,Malcolm X College,Malcolm X College,41.877618,-87.673895
635,Fairbanks St & Superior St (*),Fairbanks St & Superior St (*),41.895748,-87.620104
636,Orleans St & Hubbard St (*),Orleans St & Hubbard St (*),41.890028,-87.636618
637,Wood St & Chicago Ave (*),Wood St & Chicago Ave (*),41.895634,-87.672069
638,Clinton St & Jackson Blvd (*),Clinton St & Jackson Blvd (*),41.878419,-87.640977
639,Lakefront Trail & Wilson Ave,Lakefront Trail & Wilson Ave,41.965845,-87.645361
640,Bernard St & Elston Ave,Bernard St & Elston Ave,41.949923,-87.713949
641,Central Park Ave & Bloomingdale Ave,Central Park Ave & Bloomingdale Ave,41.914165999999994,-87.716755
643,Smith Park (*),Smith Park (*),41.892047999999996,-87.689397
644,Western Ave & Fillmore St (*),Western Ave & Fillmore St (*),41.868563,-87.686234
646,State St & 54th St,State St & 54th St,41.796642,-87.625923
647,Elizabeth St & 59th St,Elizabeth St & 59th St,41.786691,-87.65585899999999
648,Carpenter St & 63rd St,Carpenter St & 63rd St,41.77987,-87.65091899999999
649,Stewart Ave & 63rd St (*),Stewart Ave & 63rd St (*),41.779835,-87.634774
650,Eggleston Ave & 69th St (*),Eggleston Ave & 69th St (*),41.768898,-87.635876
651,Michigan Ave & 71st St,Michigan Ave & 71st St,41.765285999999996,-87.621748
652,Rhodes Ave & 71st St,Rhodes Ave & 71st St,41.766,-87.611726
654,Racine Ave & Washington Blvd (*),Racine Ave & Washington Blvd (*),41.883072999999996,-87.656952
655,Hoyne Ave & Balmoral Ave,Hoyne Ave & Balmoral Ave,41.979851000000004,-87.68193199999999
656,Damen Ave & Walnut (Lake) St (*),Damen Ave & Walnut (Lake) St (*),41.885951,-87.677009
657,Wood St & Augusta Blvd,Wood St & Augusta Blvd,41.899181,-87.6722
658,Leavitt St & Division St (*),Leavitt St & Division St (*),41.902997,-87.683825
659,Leavitt St & Chicago Ave,Leavitt St & Chicago Ave,41.895501,-87.682017
660,Sheridan Rd & Columbia Ave,Sheridan Rd & Columbia Ave,42.004583000000004,-87.661406
658,Leavitt St & Division St (*),Leavitt St & Division St (*),41.902997,-87.68239799999999
238,Wolcott (Ravenswood) Ave & Montrose Ave (*),Wolcott (Ravenswood) Ave & Montrose Ave (*),41.961304999999996,-87.675951
243,Lincoln Ave & Leavitt St,Lincoln Ave & Leavitt St,41.962391,-87.684146
204,Prairie Ave & Garfield Blvd,Prairie Ave & Garfield Blvd,41.794853,-87.618691
649,Stewart Ave & 63th St (*),Stewart Ave & 63th St (*),41.779835,-87.634774
383,Ashland Ave & Harrison St,Ashland Ave & Harrison St,41.875434000000006,-87.669248
283,LaSalle St & Jackson Blvd,LaSalle St & Jackson Blvd,41.878217,-87.631242
383,Ashland Ave & Harrison St,Ashland Ave & Harrison St,41.874293,-87.667284
19,Loomis St & Taylor St (*),Loomis St & Taylor St (*),41.869417,-87.660996
397,Saginaw Ave & Exchange Ave,Saginaw Ave & Exchange Ave,41.758746,-87.560115
191,Canal St & Monroe St (*),Canal St & Monroe St (*),41.880884,-87.639525
440,Lawndale Ave & 23rd St,Lawndale Ave & 23rd St,41.849882,-87.717
219,Damen Ave & Cortland St,Damen Ave & Cortland St,41.916027,-87.67741099999999
238,Ravenswood Ave & Montrose Ave (*),Ravenswood Ave & Montrose Ave (*),41.961615,-87.67436500000001
2,Buckingham Fountain (Temp),Buckingham Fountain (Temp),41.874239,-87.624065
246,Ashland Ave & Belle Plaine Ave (Temp),Ashland Ave & Belle Plaine Ave (Temp),41.954479,-87.66892
331,Halsted St & Blackhawk St (*),Halsted St & Blackhawk St (*),41.908537,-87.648627
325,Clark St & Winnemac Ave,Clark St & Winnemac Ave,41.973345,-87.667682
534,Pulaski Rd & Madison St,Pulaski Rd & Madison St,41.880827000000004,-87.726279
2,Buckingham Fountain,Buckingham Fountain,41.876393,-87.620328
74,Kingsbury St & Erie St,Kingsbury St & Erie St,41.893882,-87.641711
283,LaSalle St & Jackson Blvd,LaSalle St & Jackson Blvd,41.878170000000004,-87.631985
329,Lake Shore Dr & Diversey Pkwy,Lake Shore Dr & Diversey Pkwy,41.932588,-87.633427
220,Clark st & Drummond Place,Clark st & Drummond Place,41.931248,-87.644336
95,Stony Island Ave & 64th St,Stony Island Ave & 64th St,41.778701,-87.586788
329,Lake Shore Dr & Diversey Pkwy,Lake Shore Dr & Diversey Pkwy,41.932684,-87.63625
220,Broadway (Hampden Ct) & Diversey Pkwy,Broadway (Hampden Ct) & Diversey Pkwy,41.932913,-87.644531
258,Logan Blvd & Elston Ave,Logan Blvd & Elston Ave,41.930584,-87.685126
493,Oakley (Western) Ave & Roscoe St,Oakley (Western) Ave & Roscoe St,41.942916,-87.685801
493,Oakley Ave & Roscoe St,Oakley Ave & Roscoe St,41.942916,-87.685801
120,Wentworth Ave & Archer Ave,Wentworth Ave & Archer Ave,41.853605,-87.631886
212,Orleans St & Ohio St,Orleans St & Ohio St,41.892154,-87.636928
6,Dusable Harbor,Dusable Harbor,41.885040999999994,-87.612794
619,Keystone Ave & Fullerton Ave,Keystone Ave & Fullerton Ave,41.924361,-87.727752
488,Pulaski Rd & Eddy St,Pulaski Rd & Eddy St,41.945636,-87.727737
224,Halsted St & Willow St,Halsted St & Willow St,41.914221000000005,-87.64845799999999
224,Halsted St & Willow St,Halsted St & Willow St,41.913778,-87.64884
236,Sedgwick St & Schiller St,Sedgwick St & Schiller St,41.905664,-87.63851700000001
457,Clark St & Elmdale Ave,Clark St & Elmdale Ave,41.990894,-87.66958299999999
457,Clark St & Elmdale Ave (Temp),Clark St & Elmdale Ave (Temp),41.99147,-87.66986999999999
621,Aberdeen Ave & Randolph St,Aberdeen Ave & Randolph St,41.884114000000004,-87.654264
89,Financial Pl & Congress Pkwy,Financial Pl & Congress Pkwy,41.875009000000006,-87.63310600000001
119,Ashland Ave & Lake St,Ashland Ave & Lake St,41.88592,-87.66717
119,Ashland Ave & Lake St,Ashland Ave & Lake St,41.88541,-87.66731999999999
246,Ashland Ave & Belle Plaine Ave,Ashland Ave & Belle Plaine Ave,41.956061,-87.668869
332,Burling St (Halsted) St & Diversey Pkwy,Burling St (Halsted) St & Diversey Pkwy,41.93314,-87.64775999999999
332,Halsted St & Diversey Pkwy,Halsted St & Diversey Pkwy,41.93314,-87.64775999999999
332,Halsted St & Diversey Pkwy,Halsted St & Diversey Pkwy,41.933665999999995,-87.64895899999999
179,MLK Jr Dr & Oakwood Blvd,MLK Jr Dr & Oakwood Blvd,41.822559999999996,-87.61615
477,Manor Ave & Leland Ave,Manor Ave & Leland Ave,41.966318,-87.701083
233,Sangamon St & Washington Blvd (*),Sangamon St & Washington Blvd (*),41.883004,-87.65114799999999
628,Walsh Park,Walsh Park,41.914683000000004,-87.668561
183,Damen Ave & Augusta Blvd,Damen Ave & Augusta Blvd,41.899113,-87.677212
627,LaSalle Dr & Huron St (*),LaSalle Dr & Huron St (*),41.894877,-87.632326
627,LaSalle Dr & Huron St,LaSalle Dr & Huron St,41.894877,-87.632326
53,Wells St & Huron St,Wells St & Huron St,41.894882,-87.632326
53,LaSalle (Wells) St & Huron St,LaSalle (Wells) St & Huron St,41.894882,-87.632326
253,Clifton Ave & Lawrence Ave,Clifton Ave & Lawrence Ave,41.968812,-87.657659
220,Hampden Ct & Diversey Pkwy,Hampden Ct & Diversey Pkwy,41.93262,-87.642385
462,Ravenswood Ave & Balmoral Ave,Ravenswood Ave & Balmoral Ave,41.97977,-87.675815
606,Forest Ave & Chicago Ave,Forest Ave & Chicago Ave,41.894355,-87.80022
607,Cuyler Ave & Augusta St,Cuyler Ave & Augusta St,41.898168,-87.783055
608,Humphrey Ave & Ontario St,Humphrey Ave & Ontario St,41.890249,-87.778281
609,Forest Ave & Lake St,Forest Ave & Lake St,41.888909999999996,-87.800255
610,Marion St & South Blvd,Marion St & South Blvd,41.88681,-87.80287
611,Oak Park Ave & South Blvd,Oak Park Ave & South Blvd,41.886922999999996,-87.793899
612,Ridgeland Ave & Lake St,Ridgeland Ave & Lake St,41.888085,-87.785236
613,Wisconsin Ave & Madison St (Temp),Wisconsin Ave & Madison St (Temp),41.879902,-87.803911
614,East Ave & Madison St,East Ave & Madison St,41.880113,-87.789247
615,Lombard Ave & Madison St,Lombard Ave & Madison St,41.87981,-87.779425
616,Oak Park Ave & Harrison St,Oak Park Ave & Harrison St,41.872987,-87.793945
617,East Ave & Garfield St,East Ave & Garfield St,41.871311999999996,-87.788938
618,Lombard Ave & Garfield St,Lombard Ave & Garfield St,41.870699,-87.778797
130,Damen Ave & Division St,Damen Ave & Division St,41.90331,-87.67695
437,Washtenaw Ave & 15th St (*),Washtenaw Ave & 15th St (*),41.861894,-87.693511
18,Wacker Dr & Washington St,Wacker Dr & Washington St,41.883272,-87.637313
181,LaSalle St & Illinois St,LaSalle St & Illinois St,41.890755,-87.632009
321,Wabash Ave & 8th St,Wabash Ave & 8th St,41.871961999999996,-87.62610600000001
480,Albany (Kedzie) Ave & Montrose Ave,Albany (Kedzie) Ave & Montrose Ave,41.961040999999994,-87.705866
304,Broadway & Waveland Ave (Temp),Broadway & Waveland Ave (Temp),41.947720000000004,-87.649618
169,Canal St & Harrison St,Canal St & Harrison St,41.874337,-87.639566
574,Vernon Ave & 79th St,Vernon Ave & 79th St,41.751345,-87.61256800000001
574,Vernon Ave & 79th St,Vernon Ave & 79th St,41.750951,-87.613783
437,Washtenaw Ave & 15th St (*),Washtenaw Ave & 15th St (*),41.86148,-87.693374
180,Ritchie Ct & Banks St,Ritchie Ct & Banks St,41.906782,-87.626402
581,Commercial Ave & 83rd St,Commercial Ave & 83rd St,41.744607,-87.551201
582,Phillips Ave & 83rd St,Phillips Ave & 83rd St,41.744688000000004,-87.566066
582,Phillips Ave & 83rd St,Phillips Ave & 83rd St,41.744524,-87.565042
203,Western Ave & 21st St,Western Ave & 21st St,41.85394,-87.685243
26,McClurg Ct & Illinois St,McClurg Ct & Illinois St,41.890328000000004,-87.61761899999999
199,Wabash Ave & Grand Ave,Wabash Ave & Grand Ave,41.890912,-87.626804
26,McClurg Ct & Illinois St,McClurg Ct & Illinois St,41.891328,-87.617819
496,Avers Ave & Belmont Ave,Avers Ave & Belmont Ave,41.939364000000005,-87.722247
293,Broadway & Wilson Ave,Broadway & Wilson Ave,41.965485,-87.657238
253,Clifton Ave & Lawrence Ave,Clifton Ave & Lawrence Ave,41.968872999999995,-87.658857
450,Warren Park West,Warren Park West,42.002007,-87.68972600000001
325,Clark St & Winnemac Ave,Clark St & Winnemac Ave,41.973385,-87.66836500000001
544,Mason Ave & Madison St,Mason Ave & Madison St,41.879979999999996,-87.773264
25,Michigan Ave & Pearson St,Michigan Ave & Pearson st,41.897659999999995,-87.62351
6,Dusable Harbor,Dusable Harbor,41.885042,-87.61279499999999
80,Aberdeen St & Madison (Monroe) St,Aberdeen St & Monroe St,41.881567,-87.655056
582,Phillips Ave & 82nd St,Phillips Ave & 82nd St,41.746334000000004,-87.564725
125,Rush St & Hubbard St,Rush St & Hubbard St,41.890011,-87.626293
257,Lincoln Ave & Waveland Ave,Lincoln Ave & Waveland Ave,41.948797,-87.67278
257,Lincoln Ave & Waveland Ave,Lincoln Ave & Waveland Ave,41.94911,-87.675112
559,Racine Ave & Garfield Blvd,Racine Ave & Garfield Blvd,41.794694,-87.65494699999999
109,900 W Harrison St,900 W Harrison St,41.874675,-87.650019
2,Buckingham Fountain,Buckingham Fountain,41.88106,-87.619486
17,Honors St & Division St,Honore St & Division St,41.903119000000004,-87.673935
17,Honors St & Division St,Honore St & Division St,41.90312,-87.67399
17,Wood St & Division St,Wood St & Division St,41.90332,-87.67273
53,Wells St & Huron St,Wells St & Huron St,41.894729,-87.634371
602,Central St & Girard Ave,Central St & Girard Ave,42.063999,-87.685962
613,Wisconsin Ave & Madison St,Wisconsin Ave & Madison St,41.879837,-87.80224
304,Broadway & Waveland Ave,Broadway & Waveland Ave,41.949065000000004,-87.648601
475,Washtenaw Ave & Lawrence Ave,Washtenaw Ave & Lawrence Ave,41.968711,-87.69617
383,Ashland Ave & Harrison St (Temp),Ashland Ave & Harrison St (Temp),41.875389,-87.669262
26,McClurg Ct & Illinois St,McClurg Ct & Illinois St,41.891020000000005,-87.6173
75,Canal St & Jackson Blvd,Canal St & Jackson Blvd,41.878534,-87.640978
75,Clinton St & Jackson Blvd,Clinton St & Jackson Blvd,41.878534,-87.640978
80,Aberdeen St & Monroe St,Aberdeen St & Monroe St,41.88042,-87.655599
489,Drake Ave & Addison St,Drake Ave & Addison St,41.94637,-87.71614699999999
2,Buckingham Fountain,Buckingham Fountain,41.876406,-87.620333
175,Wells St & Polk St,Wells St & Polk St,41.872372999999996,-87.633523
493,Western Ave & Roscoe St,Western Ave & Roscoe St,41.942916,-87.685801
493,Western Ave & Roscoe St,Western Ave & Roscoe St,41.943026,-87.687395
2,Michigan Ave & Balbo Ave,Michigan Ave & Balbo Ave,41.872638,-87.623979
623,Michigan Ave & 11th St,Michigan Ave & 11th St,41.869717,-87.623933
578,Chappel Ave & 79th St,Chappel Ave & 79th St,41.751802000000005,-87.574845
608,Humphrey Ave & Ontario St,Humphrey Ave & Ontario St,41.890491,-87.776842
199,Wabash Ave & Grand Ave,Wabash Ave & Grand Ave,41.891738000000004,-87.626937
183,Damen Ave & Augusta Blvd,Damen Ave & Augusta Blvd,41.899714,-87.677234
496,Avers Ave & Belmont Ave,Avers Ave & Belmont Ave,41.939448,-87.72355400000001
47,State St & Kinzie St,State St & Kinzie St,41.889158,-87.627794
489,Drake Ave & Addison St,Drake Ave & Addison St,41.946782,-87.716422
502,California Ave & Altgeld St,California Ave & Altgeld St,41.926618,-87.69789899999999
303,Broadway & Cornelia Ave,Broadway & Cornelia Ave,41.945512,-87.64598000000001
295,Broadway & Argyle St,Broadway & Argyle St,41.972972,-87.659637
408,Union Ave & 42nd St,Union Ave & 42nd St,41.817638,-87.643565
557,Damen Ave & Garfield Blvd,Damen Ave & Garfield Blvd,41.794587,-87.674254
622,California Ave & Cortez St,California Ave & Cortez St,0.0,0.0
372,Humboldt Dr & Luis Munoz Marin Dr,Humboldt Dr & Luis Munoz Marin Dr,41.900146,-87.70288199999999
622,California Ave & Cotez St,California Ave & Cotez St,0.0,0.0
236,Sedgwick St & Schiller St,Sedgwick St & Schiller St,41.907576,-87.63851700000001
84,Union Ave & Grand Ave,Union Ave & Grand Ave,41.891,-87.645925
47,State St & Kinzie St,State St & Kinzie St,41.889179999999996,-87.6277
181,LaSalle St & Illinois St,LaSalle St & Illinois St,41.890749,-87.63206
355,South Shore Dr & 67th St,South Shore Dr & 67th St,41.773669,-87.567339
561,Damen Ave & 61st St,Damen Ave & 61st St,41.783681,-87.67410100000001
53,Wells St & Huron St,Wells St & Huron St,41.894729,-87.633775
217,May St & Fulton St,May St & Fulton St,41.886773,-87.656001
88,Racine Ave & Randolph St,Racine Ave & Randolph St,41.88397,-87.655688
88,May St & Randolph St,May St & Randolph St,41.88397,-87.655688
360,DIVVY Map Frame B/C Station,DIVVY Map Frame B/C Station,41.890006,-87.680627
147,Indiana Ave & 26th St,Indiana Ave & 26th St,41.845434999999995,-87.622176
492,Leavitt St & Addison St,Leavitt St & Addison St,41.946577000000005,-87.68334499999999
492,Leavitt St & Addison St,Leavitt St & Addison St,41.947029,-87.683367
116,Western Ave & Winnebago Ave,Western Ave & Winnebago Ave,41.915401,-87.687202
75,Canal St & Jackson Blvd,Canal St & Jackson Blvd,41.878412,-87.641052
